ds,y,CPI for Commodities less Food and Energy,CPI for Communication,CPI for Education,CPI for Energy,CPI for Food,CPI for Gas,CPI for Medical Services,CPI for Shelter,Employment,Export Price Index,Fed rates,Import Price Index,Unemployment,Hourly Earnings,Avg Bank Rates,Nominal GDP,USD Strength
2006-03-01,199.7,140.6,84.3,159.1,192.0,194.0,208.3,346.3,229.3,143741.0,108.8,4.59,112.7,7072.0,20.04,7.53,13711.223,100.4281
2006-04-01,200.7,140.8,84.4,159.9,198.5,193.8,224.0,347.6,230.1,143761.0,109.6,4.79,115.1,7120.0,20.16,7.75,13695.003,99.7435
2006-05-01,201.3,140.9,84.1,160.7,199.8,194.1,227.5,348.9,231.0,144089.0,110.4,4.94,117.2,6980.0,20.13,7.93,13782.849,97.5118
2006-06-01,201.8,141.0,84.2,161.6,199.8,194.7,228.1,350.2,231.9,144353.0,111.2,4.99,117.3,7001.0,20.22,8.02,13782.42,98.6927
2006-07-01,202.9,140.8,84.4,162.4,207.9,195.2,245.3,351.2,232.7,144202.0,111.6,5.24,118.2,7175.0,20.3,8.25,13791.729,98.4387
2006-08-01,203.8,140.9,84.3,163.3,211.9,195.7,252.7,352.6,233.5,144625.0,112.1,5.25,118.8,7091.0,20.32,8.25,13884.41,97.7138
2006-09-01,202.8,140.9,84.2,164.1,198.1,196.3,221.3,353.8,234.0,144815.0,111.7,5.25,116.2,6847.0,20.41,8.25,13934.425,97.9814
2006-10-01,201.9,140.7,84.0,165.0,184.1,196.9,197.0,355.0,235.0,145314.0,111.4,5.25,113.3,6727.0,20.44,8.25,13966.317,98.3156
2006-11-01,202.0,140.2,83.4,165.8,184.1,197.0,195.0,356.6,235.8,145534.0,111.8,5.25,113.8,6872.0,20.48,8.25,14059.45,97.5133
2006-12-01,203.1,140.2,83.1,166.7,192.7,197.1,211.3,357.4,236.5,145970.0,112.5,5.24,115.1,6762.0,20.57,8.25,14092.913,96.7951
2007-01-01,203.437,140.258,82.748,167.169,190.281,198.378,205.361,359.851,237.255,146028.0,113.0,5.25,113.7,7116.0,20.6,8.25,14134.826,97.8338
2007-02-01,204.226,140.299,82.818,167.969,192.31,199.736,208.351,362.402,238.107,146057.0,113.9,5.26,114.1,6927.0,20.68,8.25,14286.398,97.4764
2007-03-01,205.288,140.255,83.071,168.879,200.206,200.432,222.804,363.433,238.538,146320.0,114.7,5.26,115.9,6731.0,20.72,8.25,14225.729,97.0118
2007-04-01,205.904,140.115,83.128,169.525,203.307,200.952,229.338,364.84,239.14,145586.0,115.2,5.25,117.5,6850.0,20.79,8.25,14363.15,95.6322
2007-05-01,206.755,139.983,83.725,170.222,208.635,201.735,240.407,366.316,239.637,145903.0,115.5,5.25,118.6,6766.0,20.84,8.25,14400.871,94.7225
2007-06-01,207.234,139.837,83.578,170.802,209.799,202.557,241.015,367.763,240.345,146063.0,116.0,5.25,120.0,6979.0,20.95,8.25,14442.225,94.4449
2007-07-01,207.603,139.851,83.544,171.602,209.639,203.232,242.158,370.111,240.843,145905.0,116.1,5.26,121.5,7149.0,20.95,8.25,14423.368,93.2059
2007-08-01,207.667,139.808,83.666,172.286,206.412,204.008,236.401,372.026,241.45,145682.0,116.3,5.02,121.1,7067.0,21.0,8.25,14601.637,93.7603
2007-09-01,208.547,139.778,83.726,172.938,210.742,205.003,244.482,373.531,242.037,146244.0,116.7,4.94,121.8,7170.0,21.04,8.03,14667.346,92.4366
2007-10-01,209.19,139.933,83.699,174.076,212.386,205.651,246.233,375.689,242.581,145946.0,117.6,4.76,123.6,7237.0,21.06,7.74,14664.564,90.4002
2007-11-01,210.834,140.196,83.316,175.08,223.814,206.493,268.067,377.214,243.305,146595.0,118.7,4.49,127.5,7240.0,21.12,7.5,14714.896,89.053
2007-12-01,211.445,140.303,83.372,176.004,225.649,206.874,271.805,378.636,243.979,146273.0,119.3,4.24,127.3,7645.0,21.18,7.33,14765.714,90.005
2008-01-01,212.174,140.588,83.376,176.97,226.775,208.126,273.485,380.089,244.564,146378.0,120.7,3.94,129.2,7685.0,21.19,6.98,14802.166,89.3971
2008-02-01,212.687,140.409,83.354,177.556,229.731,208.901,277.12,380.529,244.926,146156.0,121.8,2.98,129.5,7497.0,21.26,6.0,14627.571,88.6434
2008-03-01,213.448,140.294,83.444,178.221,233.349,209.324,279.234,381.211,245.659,146086.0,123.8,2.61,133.5,7822.0,21.36,5.66,14689.877,86.8399
2008-04-01,213.942,140.274,83.58,179.145,234.778,211.127,276.563,382.144,245.608,146132.0,124.4,2.28,137.3,7637.0,21.38,5.24,14757.844,86.5475
2008-05-01,215.208,140.136,83.876,179.844,243.924,212.019,289.883,383.745,245.902,145908.0,124.8,1.98,141.2,8395.0,21.47,5.0,14802.073,86.8245
2008-06-01,217.463,140.12,84.378,180.662,262.081,213.333,321.643,384.749,246.406,145737.0,126.1,2.0,145.5,8575.0,21.52,5.0,15037.186,87.0728
2008-07-01,219.016,140.401,84.827,181.329,271.149,215.434,334.055,385.496,246.863,145532.0,128.0,2.01,147.5,8937.0,21.59,5.0,14973.677,86.4538
2008-08-01,218.69,140.484,84.723,182.453,262.566,216.528,319.114,386.557,247.208,145203.0,125.9,2.0,143.0,9438.0,21.7,5.0,14917.052,88.945
2008-09-01,218.877,140.41,84.576,183.521,260.125,217.768,321.466,387.565,247.723,145076.0,124.9,1.81,137.8,9494.0,21.72,5.0,14806.268,91.2651
2008-10-01,216.995,140.132,84.581,184.355,238.065,218.667,278.393,388.269,247.995,144802.0,122.3,0.97,129.6,10074.0,21.76,4.56,14695.036,98.04
2008-11-01,213.153,140.016,84.664,185.174,195.155,219.07,191.822,388.89,248.486,144100.0,118.4,0.39,120.0,10538.0,21.88,4.0,14698.719,100.7667
2008-12-01,211.398,139.696,84.827,186.019,176.583,219.073,154.377,390.051,248.508,143369.0,115.8,0.16,114.5,11286.0,21.94,3.61,14430.869,99.6622
2009-01-01,211.933,139.847,84.93,186.701,178.661,219.234,160.815,391.333,248.963,142152.0,116.6,0.15,113.0,12058.0,21.97,3.25,14478.549,100.3521
2009-02-01,212.705,140.372,84.917,187.437,183.721,218.949,174.067,392.266,249.087,141640.0,116.3,0.22,113.0,12898.0,21.99,3.25,14443.126,102.9737
2009-03-01,212.495,140.948,84.874,188.148,178.415,218.51,166.814,393.285,249.36,140707.0,115.5,0.18,113.6,13426.0,22.06,3.25,14371.028,103.4397
2009-04-01,212.709,141.641,84.878,188.819,177.552,218.175,168.312,394.7,249.579,140656.0,116.1,0.15,114.8,13853.0,22.09,3.25,14360.251,100.7162
2009-05-01,213.022,141.823,84.988,189.686,179.83,217.813,177.057,395.999,249.643,140248.0,116.6,0.18,116.8,14499.0,22.1,3.25,14378.011,97.5519
2009-06-01,214.79,142.143,84.941,190.473,197.033,217.813,213.086,396.799,249.492,140009.0,117.8,0.21,120.0,14707.0,22.13,3.25,14405.446,96.0426
2009-07-01,214.726,142.228,85.035,191.217,195.778,217.387,211.649,398.036,249.149,139901.0,117.4,0.16,119.3,14601.0,22.18,3.25,14376.48,95.6605
2009-08-01,215.445,141.918,84.932,192.189,201.583,217.376,223.781,398.919,249.519,139492.0,118.1,0.16,121.1,14814.0,22.23,3.25,14479.896,94.373
2009-09-01,215.861,142.537,85.105,192.955,202.777,217.258,226.214,399.902,249.415,138818.0,117.9,0.15,121.3,15009.0,22.26,3.25,14490.27,93.6638
2009-10-01,216.509,143.319,85.119,193.606,204.719,217.452,228.651,400.792,249.643,138432.0,117.9,0.12,122.3,15352.0,22.3,3.25,14693.98,92.2598
2009-11-01,217.234,143.71,84.846,194.22,210.932,217.581,238.246,402.295,249.211,138659.0,118.9,0.12,124.1,15219.0,22.36,3.25,14665.822,91.7996
2009-12-01,217.347,143.992,84.9,194.871,209.915,217.904,237.235,403.156,249.219,138013.0,119.7,0.12,124.4,15098.0,22.36,3.25,14593.942,92.2586
2010-01-01,217.488,144.114,84.972,195.483,212.807,218.489,242.036,404.972,248.034,138438.0,120.7,0.11,125.9,15046.0,22.41,3.25,14707.102,92.4403
2010-02-01,217.281,144.055,84.849,196.383,209.624,218.552,235.748,406.672,247.997,138581.0,120.3,0.13,125.8,15113.0,22.45,3.25,14735.584,93.8867
2010-03-01,217.353,143.879,84.868,197.307,209.326,218.99,233.103,408.261,247.914,138751.0,121.2,0.16,126.3,15202.0,22.45,3.25,14851.147,93.1499
2010-04-01,217.403,143.454,84.84,198.173,209.219,219.209,232.594,409.253,247.959,139297.0,122.5,0.2,127.7,15325.0,22.49,3.25,14945.182,92.6391
2010-05-01,217.29,143.304,84.738,198.726,206.631,219.331,227.765,409.547,248.128,139241.0,123.1,0.2,126.7,14849.0,22.53,3.25,14956.676,95.5306
2010-06-01,217.199,143.342,84.622,199.553,203.764,219.285,222.745,410.74,248.295,139141.0,122.2,0.18,125.2,14474.0,22.53,3.25,15038.721,96.0606
2010-07-01,217.605,143.336,84.682,199.953,206.877,219.234,229.026,410.809,248.43,139179.0,122.0,0.18,125.2,14512.0,22.59,3.25,15111.45,94.4547
2010-08-01,217.923,143.413,84.735,200.388,208.77,219.48,232.674,411.794,248.43,139438.0,123.0,0.19,125.7,14648.0,22.62,3.25,15108.363,93.6822
2010-09-01,218.275,143.51,84.749,200.734,209.832,220.219,235.661,414.592,248.568,139396.0,123.7,0.19,125.7,14579.0,22.67,3.25,15205.002,92.7626
2010-10-01,219.035,143.473,84.602,201.011,216.71,220.521,249.885,415.287,248.692,139119.0,124.7,0.19,127.1,14516.0,22.74,3.25,15286.818,90.2291
2010-11-01,219.59,143.535,84.506,201.811,219.496,220.946,256.596,415.73,248.993,139044.0,126.6,0.19,129.2,15081.0,22.73,3.25,15265.072,90.5095
2010-12-01,220.472,143.602,84.019,202.657,227.13,221.215,271.509,416.718,249.284,139301.0,127.5,0.18,131.0,14348.0,22.76,3.25,15376.523,91.1835
2011-01-01,221.187,143.911,83.833,203.667,229.258,222.469,275.816,417.162,249.621,139250.0,129.1,0.17,133.0,14013.0,22.85,3.25,15257.542,90.1112
2011-02-01,221.898,144.171,83.708,204.37,232.068,223.504,280.015,418.808,249.924,139394.0,130.8,0.16,135.3,13820.0,22.87,3.25,15282.03,89.3967
2011-03-01,223.046,144.298,83.588,205.011,240.079,225.213,294.915,419.386,250.158,139639.0,132.7,0.14,139.3,13737.0,22.87,3.25,15514.76,88.4872
2011-04-01,224.093,144.502,83.49,205.63,247.977,226.072,310.115,420.691,250.412,139586.0,133.8,0.1,142.9,13957.0,22.92,3.25,15584.383,86.9214
2011-05-01,224.806,145.054,83.382,206.372,250.744,226.94,314.859,421.789,250.66,139624.0,134.3,0.09,143.1,13855.0,22.99,3.25,15566.883,86.9464
2011-06-01,224.806,145.556,83.298,207.055,245.534,227.515,304.321,422.609,251.178,139384.0,134.5,0.09,142.2,13962.0,23.01,3.25,15521.339,86.9412
2011-07-01,225.395,145.816,83.178,207.691,246.187,228.482,304.901,424.055,251.834,139524.0,134.0,0.07,142.4,13763.0,23.1,3.25,15615.832,86.3178
2011-08-01,226.106,146.242,83.13,209.231,246.88,229.634,306.276,425.162,252.329,139942.0,134.6,0.1,141.9,13818.0,23.07,3.25,15715.893,86.8983
2011-09-01,226.597,146.269,83.109,209.853,248.55,230.682,309.168,426.035,252.668,140183.0,135.3,0.08,141.7,13948.0,23.11,3.25,15611.318,89.7253
2011-10-01,226.75,146.482,83.146,210.781,246.655,230.899,305.963,428.187,253.184,140368.0,132.6,0.07,141.2,13594.0,23.2,3.25,15857.629,90.6098
2011-11-01,227.169,146.776,83.13,211.474,247.64,231.118,308.587,430.12,253.619,140826.0,132.7,0.08,142.2,13302.0,23.19,3.25,15838.26,91.2649
2011-12-01,227.223,146.852,83.124,212.133,243.353,231.557,300.662,431.576,254.15,140902.0,132.1,0.07,142.2,13093.0,23.21,3.25,15830.911,92.2056
2012-01-01,227.842,147.079,83.384,212.752,244.876,232.213,306.17,432.797,254.512,141584.0,132.5,0.08,142.2,12797.0,23.24,3.25,15940.727,91.6463
2012-02-01,228.329,147.093,83.352,213.259,248.898,232.14,316.625,433.088,254.951,141858.0,133.1,0.1,142.2,12813.0,23.27,3.25,16208.423,89.9605
2012-03-01,228.807,147.217,83.269,213.85,249.742,232.591,319.198,434.468,255.474,142036.0,134.1,0.13,144.2,12713.0,23.36,3.25,16057.322,90.5112
2012-04-01,229.187,147.287,83.29,214.401,249.677,233.044,319.414,436.191,256.056,141899.0,134.7,0.14,144.1,12646.0,23.39,3.25,16179.49,90.8156
2012-05-01,228.713,147.418,83.48,215.142,241.806,233.219,303.692,437.844,256.451,142206.0,134.0,0.16,142.0,12660.0,23.39,3.25,16220.435,92.4928
2012-06-01,228.524,147.514,83.439,215.626,235.897,233.683,291.49,440.922,256.813,142391.0,131.7,0.16,138.7,12692.0,23.46,3.25,16221.465,93.8809
2012-07-01,228.59,147.489,83.076,216.654,233.568,233.845,287.505,442.625,257.153,142292.0,132.2,0.16,137.7,12656.0,23.51,3.25,16320.979,93.4062
2012-08-01,229.918,147.244,82.683,217.29,244.987,234.244,310.365,443.047,257.647,142291.0,133.4,0.13,139.4,12471.0,23.49,3.25,16271.274,92.5283
2012-09-01,231.015,147.299,82.647,218.236,252.987,234.404,326.789,444.433,258.233,143044.0,134.5,0.14,140.8,12115.0,23.57,3.25,16366.368,90.9802
2012-10-01,231.638,147.395,82.704,218.952,256.017,234.843,332.699,445.12,258.816,143431.0,134.6,0.16,141.2,12124.0,23.56,3.25,16334.699,90.7566
2012-11-01,231.249,147.488,82.684,219.583,248.819,235.253,315.264,446.157,259.216,143333.0,133.8,0.16,140.2,12005.0,23.63,3.25,16406.56,91.4751
2012-12-01,231.221,147.397,82.688,220.263,244.708,235.677,306.338,447.508,259.644,143330.0,133.6,0.16,139.4,12298.0,23.73,3.25,16519.899,90.8804
2013-01-01,231.679,147.61,82.873,221.376,245.025,236.011,306.734,448.525,260.142,143292.0,134.1,0.14,140.1,12471.0,23.76,3.25,16675.771,90.8255
2013-02-01,232.937,147.518,83.053,221.963,255.696,235.992,329.253,449.885,260.719,143362.0,135.1,0.15,141.3,11950.0,23.77,3.25,16576.742,91.5509
2013-03-01,232.282,147.227,83.051,222.541,246.595,236.213,310.442,451.519,261.176,143316.0,134.4,0.14,141.2,11689.0,23.81,3.25,16634.637,92.4132
2013-04-01,231.797,147.162,82.538,223.125,240.473,236.655,295.206,451.305,261.679,143635.0,133.6,0.15,140.2,11760.0,23.87,3.25,16651.455,92.0478
2013-05-01,231.893,147.107,82.536,223.647,240.468,236.454,293.131,450.85,262.263,143882.0,132.9,0.11,139.4,11654.0,23.89,3.25,16651.634,92.529
2013-06-01,232.445,147.168,82.414,224.034,242.711,236.98,298.112,453.246,262.797,143999.0,132.8,0.09,138.8,11751.0,23.97,3.25,16795.564,93.2836
2013-07-01,232.9,147.251,82.344,224.812,242.986,237.184,298.754,454.064,263.239,144264.0,132.6,0.09,138.9,11335.0,23.98,3.25,16851.835,93.8724
2013-08-01,233.456,147.232,82.39,225.362,244.833,237.451,303.409,456.679,263.86,144326.0,131.9,0.08,139.4,11279.0,24.03,3.25,16934.992,93.7149
2013-09-01,233.544,147.226,82.559,225.749,242.745,237.519,297.39,457.968,264.321,144418.0,132.4,0.08,139.8,11270.0,24.06,3.25,16946.376,93.4706
2013-10-01,233.669,147.207,82.572,226.44,241.954,237.75,295.64,457.801,264.684,143537.0,131.6,0.09,138.9,11136.0,24.09,3.25,17049.321,92.4993
2013-11-01,234.1,147.295,82.484,227.234,242.718,237.947,297.183,457.634,265.496,144479.0,131.8,0.08,137.7,10787.0,24.16,3.25,17174.142,93.3737
2013-12-01,234.719,147.423,82.525,228.015,245.733,238.182,303.304,458.658,266.228,144778.0,132.3,0.09,137.8,10404.0,24.17,3.25,17175.878,93.534
2014-01-01,235.288,147.079,82.653,228.073,250.34,238.492,308.4,459.825,266.892,145150.0,132.7,0.07,138.3,10202.0,24.21,3.25,17072.723,94.4648
2014-02-01,235.547,146.857,82.381,229.103,249.925,239.408,305.007,460.879,267.481,145134.0,133.7,0.07,139.8,10349.0,24.32,3.25,17164.078,94.6456
2014-03-01,236.028,146.752,82.334,229.723,249.961,240.447,300.141,462.471,268.287,145648.0,134.9,0.08,140.5,10380.0,24.31,3.25,17196.042,94.4408
2014-04-01,236.468,146.786,82.379,230.373,249.864,241.241,305.367,463.308,268.923,145667.0,133.5,0.09,139.7,9702.0,24.34,3.25,17354.698,93.9956
2014-05-01,236.918,146.808,82.338,231.05,249.213,242.408,301.296,464.149,269.715,145825.0,133.7,0.09,140.1,9859.0,24.4,3.25,17478.129,93.67
2014-06-01,237.231,146.895,82.298,231.667,249.714,242.646,302.293,464.649,270.149,146247.0,133.0,0.1,140.5,9460.0,24.45,3.25,17555.282,93.8274
2014-07-01,237.498,146.81,82.389,232.213,248.744,243.235,299.785,465.125,270.891,146399.0,133.1,0.09,140.1,9608.0,24.48,3.25,17689.455,93.6039
2014-08-01,237.46,146.691,82.342,233.008,245.699,243.792,294.803,465.546,271.493,146530.0,132.4,0.09,139.0,9599.0,24.56,3.25,17797.995,94.5808
2014-09-01,237.477,146.864,82.184,233.417,241.61,244.48,287.003,466.296,272.118,146778.0,131.9,0.09,137.9,9262.0,24.56,3.25,17742.23,96.1209
2014-10-01,237.43,146.931,81.483,234.146,237.061,244.866,278.463,467.008,272.73,147427.0,130.7,0.09,136.0,8990.0,24.58,3.25,17845.66,97.4396
2014-11-01,236.983,146.597,81.095,234.8,229.016,245.394,262.282,468.507,273.436,147404.0,129.5,0.09,133.5,9090.0,24.65,3.25,17869.425,99.1147
2014-12-01,236.252,146.316,80.831,235.402,218.536,246.237,238.491,469.971,273.997,147615.0,128.3,0.12,130.1,8717.0,24.65,3.25,17842.535,101.4441
2015-01-01,234.747,145.839,80.73,236.63,199.926,246.197,199.553,470.198,274.762,148145.0,126.1,0.11,126.0,8885.0,24.73,3.25,17927.21,103.7608
2015-02-01,235.342,146.064,80.536,237.012,203.021,246.495,206.901,469.241,275.47,148045.0,125.9,0.11,125.5,8599.0,24.78,3.25,18058.457,105.1687
2015-03-01,235.976,146.356,80.317,238.117,205.757,246.072,214.684,471.46,276.258,148128.0,125.9,0.11,125.3,8515.0,24.84,3.25,17988.377,107.3649
2015-04-01,236.222,146.49,80.228,239.052,203.577,246.002,211.577,475.195,277.003,148511.0,125.1,0.12,125.1,8550.0,24.89,3.25,18148.701,106.3525
2015-05-01,237.001,146.502,79.9,239.665,208.973,246.239,225.281,475.984,277.524,148817.0,125.7,0.12,126.5,8834.0,24.96,3.25,18179.243,105.4067
2015-06-01,237.657,146.339,79.835,240.232,212.015,246.937,230.871,475.516,278.284,148816.0,125.3,0.13,126.6,8247.0,24.98,3.25,18253.177,106.1792
2015-07-01,238.034,146.21,79.82,241.058,211.623,247.157,231.775,476.271,279.329,148830.0,124.8,0.13,125.4,8167.0,25.01,3.25,18275.336,108.1239
2015-08-01,238.033,146.044,79.928,241.563,208.579,247.742,225.725,475.865,279.921,149181.0,123.0,0.14,123.2,7992.0,25.1,3.25,18283.994,109.9771
2015-09-01,237.498,146.142,80.129,242.52,197.246,248.492,201.935,477.038,280.737,148826.0,122.3,0.14,121.9,7907.0,25.11,3.25,18361.55,110.8516
2015-10-01,237.733,145.888,80.275,242.936,195.616,248.755,199.315,481.074,281.429,149246.0,122.0,0.12,121.5,7922.0,25.2,3.25,18355.68,109.9039
2015-11-01,238.017,145.723,80.425,243.567,195.114,248.525,198.984,482.778,282.129,149463.0,121.1,0.12,120.8,8000.0,25.24,3.25,18294.454,111.692
2015-12-01,237.761,145.624,80.329,244.004,190.143,248.206,190.765,483.51,282.779,150128.0,119.8,0.24,119.3,7907.0,25.27,3.37,18346.103,112.7861
2016-01-01,237.652,145.376,80.347,244.548,185.235,248.353,181.445,485.346,283.714,150653.0,118.7,0.34,117.8,7627.0,25.36,3.5,18396.929,115.2349
2016-02-01,237.336,145.674,79.974,245.046,176.401,248.606,162.727,487.562,284.502,150939.0,118.2,0.38,117.2,7702.0,25.39,3.5,18361.568,114.2821
2016-03-01,238.08,145.598,80.026,245.554,182.234,248.029,175.164,488.298,285.122,151218.0,118.1,0.36,117.7,7961.0,25.45,3.5,18517.421,111.8931
2016-04-01,238.992,145.787,79.914,246.213,186.713,248.235,184.762,489.828,285.853,151074.0,118.7,0.37,118.5,8067.0,25.53,3.5,18604.68,110.0166
2016-05-01,239.557,145.814,79.565,246.761,188.596,247.856,187.627,492.258,286.855,151132.0,120.0,0.37,119.9,7652.0,25.57,3.5,18585.643,111.1403
2016-06-01,240.222,145.452,79.369,247.276,192.899,247.683,196.44,493.458,287.819,151223.0,120.9,0.38,120.7,7744.0,25.63,3.5,18644.528,111.5592
2016-07-01,240.101,145.175,79.21,247.732,189.046,247.658,185.486,495.805,288.524,151554.0,121.1,0.39,120.8,7641.0,25.69,3.5,18663.832,112.4759
2016-08-01,240.545,145.296,79.2,248.242,188.772,247.746,183.715,500.06,289.367,151779.0,120.1,0.4,120.5,7784.0,25.72,3.5,18776.165,111.4369
2016-09-01,241.176,145.56,78.584,248.753,192.243,247.772,189.766,500.384,290.369,151761.0,120.5,0.4,120.6,7953.0,25.77,3.5,18886.38,112.3157
2016-10-01,241.741,145.416,78.192,249.496,195.979,247.812,197.788,500.424,291.378,151793.0,120.7,0.4,121.2,7811.0,25.88,3.5,18859.382,113.4726
2016-11-01,242.026,144.881,78.265,249.94,196.372,247.741,199.22,501.489,292.227,151954.0,120.8,0.41,121.1,7553.0,25.91,3.5,18983.603,116.1059
2016-12-01,242.637,144.726,78.182,250.769,199.513,247.725,206.244,502.333,293.066,152157.0,121.3,0.54,121.6,7521.0,25.94,3.64,19061.138,117.9033
2017-01-01,243.618,144.935,78.212,250.948,205.369,248.065,217.892,502.654,293.769,152152.0,121.6,0.65,122.3,7468.0,26.03,3.75,19086.104,117.7845
2017-02-01,244.006,144.989,77.823,251.469,204.133,248.735,213.626,504.188,294.543,152480.0,122.0,0.66,122.7,7379.0,26.08,3.75,19133.179,116.1185
2017-03-01,243.892,144.995,75.25,251.829,202.528,249.244,210.69,504.797,295.012,153065.0,122.1,0.79,122.5,7073.0,26.11,3.88,19225.299,115.6534
2017-04-01,244.193,144.922,74.801,252.052,202.954,249.589,209.074,505.071,295.741,153255.0,122.4,0.9,122.8,7089.0,26.17,4.0,19173.951,114.768
2017-05-01,244.004,144.597,74.598,252.306,198.449,249.972,197.848,504.887,296.461,153069.0,121.7,0.91,122.7,7000.0,26.21,4.0,19310.005,114.2597
2017-06-01,244.163,144.43,74.357,252.982,197.808,249.77,195.797,505.993,297.215,153318.0,121.6,1.04,122.4,6873.0,26.26,4.13,19429.562,112.7599
2017-07-01,244.243,144.196,74.121,253.351,195.994,250.185,191.889,506.889,297.676,153569.0,122.2,1.15,122.2,6892.0,26.35,4.25,19444.342,111.06
2017-08-01,245.183,143.976,74.002,253.49,201.45,250.469,203.585,507.84,298.904,153503.0,122.9,1.16,122.9,7082.0,26.37,4.25,19539.327,109.9054
2017-09-01,246.435,143.61,74.007,254.117,212.723,250.826,228.252,509.039,299.711,154286.0,123.9,1.15,123.9,6854.0,26.49,4.25,19702.018,108.8541
2017-10-01,246.626,143.92,74.187,254.756,208.328,251.048,218.99,510.005,300.814,153609.0,124.0,1.15,124.1,6700.0,26.49,4.25,19754.521,110.8899
2017-11-01,247.284,143.734,74.335,255.516,213.047,251.195,228.908,509.686,301.43,153805.0,124.6,1.16,125.3,6774.0,26.54,4.25,19910.929,111.1645
2017-12-01,247.805,143.742,74.36,255.747,213.574,251.716,228.888,510.529,302.428,153904.0,124.7,1.3,125.5,6632.0,26.65,4.4,20018.8,110.8777
2018-01-01,248.743,143.997,74.369,255.975,216.872,252.253,235.641,512.802,303.205,154493.0,125.6,1.41,126.5,6505.0,26.73,4.5,20051.052,108.3591
2018-02-01,249.439,144.11,73.976,256.384,220.381,252.248,240.4,513.416,303.769,155259.0,125.8,1.42,126.8,6586.0,26.75,4.5,20203.181,107.6528
2018-03-01,249.581,144.244,73.863,256.347,216.925,252.412,234.179,515.473,304.799,155303.0,126.3,1.51,126.5,6457.0,26.85,4.58,20212.224,107.9503
2018-04-01,250.146,144.416,73.782,256.643,218.268,253.016,237.076,516.532,305.689,155362.0,126.9,1.69,127.1,6448.0,26.89,4.75,20359.935,107.9456
2018-05-01,250.779,144.441,73.983,257.413,220.632,253.018,241.533,516.696,306.798,155694.0,127.8,1.7,128.2,6188.0,26.97,4.75,20489.777,111.0485
2018-06-01,251.118,144.179,74.122,257.941,221.473,253.278,243.88,518.502,307.204,155734.0,128.0,1.82,128.2,6446.0,27.03,4.89,20560.879,112.8465
2018-07-01,251.323,144.09,74.163,258.693,219.758,253.673,241.052,518.334,308.049,156115.0,127.4,1.91,128.1,6173.0,27.1,5.0,20615.76,113.062
2018-08-01,251.749,143.646,73.974,260.277,222.435,254.034,245.227,516.968,308.979,155512.0,127.3,1.91,127.6,6167.0,27.21,5.0,20711.5,113.833
2018-09-01,252.239,143.69,74.104,260.694,223.444,254.283,249.15,519.113,309.551,155970.0,127.3,1.95,127.7,6065.0,27.31,5.03,20734.574,114.0808
2018-10-01,252.862,143.922,73.895,261.28,226.462,254.081,253.947,519.824,310.426,156294.0,127.9,2.19,128.3,6230.0,27.36,5.25,20817.081,114.8323
2018-11-01,252.657,143.957,73.063,261.931,219.267,254.75,239.9,521.908,311.279,156606.0,126.9,2.2,126.2,6132.0,27.43,5.25,20790.366,116.1704
2018-12-01,252.551,143.94,73.044,262.505,212.633,255.673,223.423,524.035,312.194,156767.0,126.1,2.27,124.4,6379.0,27.56,5.35,20850.36,116.2137
2019-01-01,252.47,144.393,73.117,262.967,205.54,256.381,210.752,525.358,313.004,156614.0,125.3,2.4,124.6,6458.0,27.6,5.5,20979.365,114.4405
2019-02-01,253.135,144.232,73.058,263.693,208.699,257.233,218.146,526.053,314.017,156992.0,126.1,2.4,125.9,6122.0,27.7,5.5,20997.288,114.41
2019-03-01,254.273,144.208,72.92,264.66,216.376,257.752,233.365,527.264,315.069,156869.0,127.0,2.41,126.6,6166.0,27.8,5.5,21062.602,114.7821
2019-04-01,255.163,144.204,73.008,265.052,221.758,257.479,244.583,528.736,316.199,156744.0,127.1,2.42,126.8,5898.0,27.78,5.5,21201.49,114.9012
2019-05-01,255.325,144.212,72.975,265.488,219.68,258.008,241.074,531.206,317.051,156868.0,126.7,2.39,127.0,5935.0,27.85,5.5,21240.98,115.9574
2019-06-01,255.361,144.428,73.029,265.82,214.666,258.043,231.403,533.128,317.953,157123.0,126.0,2.38,125.6,5906.0,27.94,5.5,21374.875,115.4287
2019-07-01,255.9,144.665,73.214,266.056,215.85,258.144,233.809,535.375,318.734,157488.0,126.2,2.4,125.6,5984.0,28.03,5.5,21491.619,115.0771
2019-08-01,256.179,144.827,73.266,266.623,213.169,258.329,228.391,538.89,319.332,157780.0,125.5,2.13,124.9,5993.0,28.13,5.25,21533.778,117.1032
2019-09-01,256.596,144.646,73.198,266.737,213.122,258.88,228.787,541.928,320.419,158249.0,125.1,2.04,125.0,5766.0,28.15,5.15,21570.12,117.3256
2019-10-01,257.305,144.431,73.218,267.256,216.62,259.371,234.773,546.373,320.861,158356.0,125.1,1.83,124.5,5980.0,28.23,4.99,21624.449,116.7482
2019-11-01,257.788,144.16,73.608,267.741,217.435,259.902,236.587,548.824,321.629,158504.0,125.2,1.55,124.7,5930.0,28.35,4.75,21714.492,116.5609
2019-12-01,258.263,143.957,73.577,268.058,219.786,260.274,240.708,550.642,322.306,158772.0,125.0,1.55,125.0,5861.0,28.37,4.75,21780.655,115.912
2020-01-01,258.682,143.939,73.807,268.7,217.803,261.097,236.591,552.393,323.435,158653.0,125.8,1.55,125.2,5826.0,28.43,4.75,21778.889,115.2778
2020-02-01,259.007,144.218,73.758,269.424,214.119,261.912,229.98,554.015,324.419,158866.0,124.3,1.58,124.3,5717.0,28.56,4.75,21949.277,116.7078
2020-03-01,258.165,143.957,73.701,270.214,203.912,262.734,209.903,556.498,324.535,155599.0,122.5,0.65,121.3,7165.0,28.79,3.78,20885.93,121.0348
2020-04-01,256.094,143.04,73.833,270.728,182.889,266.505,166.244,559.366,324.453,133320.0,118.2,0.05,118.2,23038.0,30.01,3.25,18690.303,123.3006
2020-05-01,255.944,142.782,73.782,270.957,179.542,268.326,159.902,562.387,325.164,137182.0,118.2,0.05,119.0,20940.0,29.71,3.25,19512.542,122.6344
2020-06-01,257.217,142.877,73.654,271.148,188.437,269.656,177.853,564.933,325.495,142218.0,120.3,0.08,120.6,17616.0,29.36,3.25,20707.348,119.6955
2020-07-01,258.543,143.849,74.975,271.794,192.556,268.657,186.758,567.008,326.193,143727.0,121.5,0.09,122.1,16288.0,29.41,3.25,21101.16,118.712
2020-08-01,259.58,145.358,75.261,271.259,194.285,268.958,190.327,567.367,326.674,147176.0,122.1,0.1,123.2,13532.0,29.48,3.25,21339.652,116.9714
2020-09-01,260.19,146.23,75.176,270.638,196.875,269.124,193.476,568.839,326.988,147569.0,122.8,0.09,123.4,12584.0,29.51,3.25,21646.472,116.363
2020-10-01,260.352,146.236,75.249,270.892,196.435,269.557,192.15,566.721,327.389,149719.0,123.0,0.09,123.3,11115.0,29.53,3.25,21812.503,115.7952
2020-11-01,260.721,146.205,75.34,271.26,196.359,269.563,190.381,566.477,327.774,149761.0,124.0,0.09,123.4,10777.0,29.65,3.25,21588.128,114.1069
2020-12-01,261.564,146.259,75.345,271.851,203.649,270.469,203.777,565.805,328.229,149883.0,125.5,0.09,124.6,10789.0,29.92,3.25,21713.486,111.9097
2021-01-01,262.2,146.342,75.377,272.113,209.328,271.035,215.529,568.453,328.593,150004.0,128.9,0.09,126.5,10180.0,29.93,3.25,22218.42,111.4924
2021-02-01,263.346,146.155,75.38,272.601,218.944,271.429,233.202,570.819,329.121,150367.0,131.0,0.08,128.0,9992.0,30.04,3.25,22029.146,112.0201
2021-03-01,265.028,146.396,75.237,272.31,231.127,271.861,257.289,571.621,330.033,150940.0,134.3,0.07,129.9,9691.0,30.06,3.25,22693.984,113.3547
2021-04-01,266.727,149.336,75.611,272.925,228.374,272.827,248.826,571.521,331.272,151259.0,135.9,0.07,131.1,9719.0,30.2,3.25,22824.639,112.661
2021-05-01,268.599,152.056,75.711,273.719,229.874,274.092,250.257,570.912,332.321,151550.0,139.0,0.06,132.8,9251.0,30.36,3.25,23081.892,111.2413
2021-06-01,270.955,155.188,75.75,274.278,234.625,276.067,258.638,570.691,333.807,151612.0,140.6,0.08,134.2,9502.0,30.52,3.25,23234.272,111.6176
2021-07-01,272.184,155.886,75.807,274.902,238.447,277.877,265.072,571.579,335.262,152704.0,142.1,0.1,134.6,8671.0,30.67,3.25,23321.842,113.0947
2021-08-01,273.092,156.437,76.056,275.001,242.958,278.969,271.71,572.969,335.888,153167.0,142.4,0.09,134.3,8339.0,30.76,3.25,23592.505,113.4271
2021-09-01,274.214,156.925,76.337,275.952,245.847,281.468,274.721,573.939,337.298,153806.0,142.8,0.08,134.9,7666.0,30.92,3.25,23736.913,113.4768
2021-10-01,276.59,158.626,76.407,276.497,255.01,283.912,287.303,576.248,338.865,154234.0,145.5,0.08,136.9,7375.0,31.11,3.25,24213.177,114.0974
2021-11-01,278.524,159.987,76.317,277.027,261.257,286.05,300.351,578.237,340.475,155324.0,146.5,0.08,137.9,6802.0,31.23,3.25,24314.028,115.0247
2021-12-01,280.126,161.892,76.33,277.345,263.553,287.44,304.315,580.198,341.963,155975.0,144.2,0.08,137.4,6319.0,31.38,3.25,24520.158,115.8244
2022-01-01,281.933,163.503,76.34,277.96,265.929,289.959,301.791,583.779,342.974,157174.0,148.2,0.08,140.1,6513.0,31.56,3.25,24524.988,115.0785
2022-02-01,284.182,164.219,76.26,278.445,275.17,292.912,321.849,584.581,344.758,157722.0,153.0,0.08,142.6,6270.0,31.6,3.25,24729.162,115.0485
2022-03-01,287.708,163.522,75.901,279.16,305.469,295.809,380.763,588.223,346.516,158458.0,159.0,0.2,146.8,5952.0,31.75,3.37,24967.29,116.4117
2022-04-01,288.663,163.819,75.56,279.772,297.233,298.379,357.377,591.331,348.29,158105.0,160.6,0.33,147.5,5941.0,31.86,3.5,24998.161,117.3118
2022-05-01,291.474,164.943,75.336,280.563,308.839,301.879,372.063,593.887,350.418,158426.0,164.9,0.77,148.2,5950.0,31.98,3.94,25228.382,119.8411
2022-06-01,295.328,166.235,75.328,281.705,332.087,304.867,413.606,598.227,352.55,158111.0,166.7,1.21,148.5,5912.0,32.11,4.38,25519.004,120.1621
2022-07-01,295.271,166.617,75.027,282.097,316.955,308.22,381.71,600.683,354.449,158290.0,160.5,1.68,146.4,5670.0,32.27,4.85,25476.223,122.8209
2022-08-01,295.62,167.381,74.895,283.499,301.045,310.664,341.383,605.32,356.894,158732.0,158.3,2.33,144.6,6014.0,32.36,5.5,25869.257,122.4264
2022-09-01,296.761,167.413,74.813,284.498,294.705,313.101,324.646,611.319,359.567,158936.0,156.0,2.56,143.0,5753.0,32.49,5.73,25813.68,125.748
2022-10-01,298.062,166.779,74.765,284.849,300.013,314.983,337.609,607.635,362.268,158608.0,155.5,3.08,142.7,6059.0,32.64,6.25,25992.269,127.645
2022-11-01,290.0661514609435,166.71261952505512,76.18620134658893,282.6882004310277,272.48990271128173,304.0415604832139,294.5431159059629,602.0065090746364,353.86545624592003,156199.40459504756,155.81287654786098,0.7413647374848686,140.78151348678387,6558.613644733036,32.55657212289454,4.076582551558883,25601.486208338625,116.56206616590383
2022-12-01,291.2605948941148,167.01716736656752,76.10974955850367,283.3000360260157,272.79556998681755,305.64831677810344,284.6224869606458,604.6791692388902,355.30155962447833,155642.10215720342,156.20212137949343,0.8182444149904127,139.80854487750253,7210.380878373488,32.67944065759316,4.129411973929519,25658.943738280723,118.05435035225864
2023-01-01,291.6715782110232,168.317911336446,76.3638472490658,283.49449985077615,271.8952368725808,306.5368091148466,295.2980096228979,604.7375776628406,355.69086303188493,157105.1938264572,157.9768602317107,0.7846412396678613,141.06152688509317,5772.5956076983,32.796703879281345,4.159792958451549,25844.117581269293,116.79070992733617
2023-02-01,294.0519219481587,170.41877479924216,76.76304868345679,283.62756634871045,270.5245546751719,306.86771034541,304.43338444051346,603.8001487458097,355.9104043095616,159713.6387714033,162.9328477184071,0.8908021150151475,142.19159923773628,3051.1987054493948,33.00313751882089,4.425218662735801,26118.182474901325,116.23470099483973
2023-03-01,295.7894541935052,170.2478588981063,75.79590453197743,285.1706103649908,277.525291372065,312.55399505302387,266.351759358162,609.3651791410157,359.765610335252,156156.50513138043,165.70675875798509,1.2177086200719156,140.63703238799795,6398.475581624703,33.171417969955236,4.625366317112685,26166.774594801846,121.07572317795763
2023-04-01,296.6827520983152,170.40780819153477,75.9482468277598,285.47531617869953,282.47774046568776,312.9533400474366,280.0323277506664,611.9213004858,360.4270315052628,156062.0326159745,164.2880440466516,1.2408425554305014,142.77782742061478,7219.7908549694275,33.17211986062853,4.561444082226756,26299.28459956913,119.39858920221263
2023-05-01,298.20583124078485,171.55355958298003,75.911512481848,286.0388599617056,284.9292299142793,314.8038717766242,272.8036431622236,613.6280065335925,361.8275043032084,156668.67687719714,167.29029353611307,1.3882089551698256,143.80625431265898,6644.747280352314,33.33592785200418,4.764730269343522,26465.946410422537,119.93980153105785
2023-06-01,298.97586084054046,171.99349608415952,76.07567585416282,286.27985769944354,288.68268253246663,315.5000064884358,294.8612545479932,614.9772221531271,362.36650824225956,155743.81138415515,165.88152655123315,1.3286270588761377,144.54998010646625,7044.763088821457,33.42827266756928,4.653645480971756,26465.483412026606,119.09150581540696
2023-07-01,300.1076590573068,172.81929568776803,76.04756493519994,286.73176006130416,287.97159631612504,317.2094515897067,284.70770061896786,616.5869150065882,363.81450962400817,156432.49149233184,167.3799779385025,1.4537246195707167,144.30218013494198,6654.533808542454,33.56859816534828,4.831608949414337,26654.27132696336,119.69008392329036
2023-08-01,300.60200829835117,173.13301103412513,76.28290463421646,287.24875974584455,290.03297839873926,317.91343642310846,300.0149721297855,617.3904340650045,364.2962054710297,156211.01947962862,166.16522071699848,1.3184315065114012,144.46076126247394,6749.459522408708,33.63490690417375,4.695933960613178,26813.29919117861,119.23111538723441
